key,instantiationMoment,heading,writer,text,email
peep-01,2022/07/08 00:00,Heading 1,Writer1,Example text,writer1@gmail.com
peep-02,2022/07/09 00:00,Heading 2,Writer1,Example text,writer1@gmail.com
peep-03,2022/07/10 00:00,Heading 3,Writer1,Example text,writer1@gmail.com
peep-04,2022/07/11 00:00,Heading 4,Writer1,Example text,writer1@gmail.com
peep-05,2022/07/12 00:00,Heading 5,Writer1,Example text,writer1@gmail.com
peep-06,2022/07/13 00:00,Heading 6,Writer1,Example text,writer1@gmail.com
peep-07,2022/07/14 00:00,Heading 7,Writer1,Example text,writer1@gmail.com
peep-08,1900/01/01 00:00,Test Heading 1,Writer1,Example text,null
peep-09,1900/01/02 00:00,Test Heading 2,Writer2,Example text,null
peep-10,1900/01/03 00:00,Test Heading 3,Writer1,Example text,null
peep-11,1900/01/04 00:00,Test Heading 4,Writer2,Example text,null
